{
	"partitions" : [
		{
			"name" : "Top",
			"pins" : [
				{
					"name" : "led0[0]",
					"strict" : false
				},
				{
					"name" : "led0[1]",
					"strict" : false
				},
				{
					"name" : "led0[2]",
					"strict" : false
				},
				{
					"name" : "led0[3]",
					"strict" : false
				},
				{
					"name" : "led0[4]",
					"strict" : false
				},
				{
					"name" : "led0[5]",
					"strict" : false
				},
				{
					"name" : "led0[6]",
					"strict" : false
				},
				{
					"name" : "led0_dp",
					"strict" : false
				},
				{
					"name" : "led1[0]",
					"strict" : false
				},
				{
					"name" : "led1[1]",
					"strict" : false
				},
				{
					"name" : "led1[2]",
					"strict" : false
				},
				{
					"name" : "led1[3]",
					"strict" : false
				},
				{
					"name" : "led1[4]",
					"strict" : false
				},
				{
					"name" : "led1[5]",
					"strict" : false
				},
				{
					"name" : "led1[6]",
					"strict" : false
				},
				{
					"name" : "led1_dp",
					"strict" : false
				},
				{
					"name" : "led2[0]",
					"strict" : false
				},
				{
					"name" : "led2[1]",
					"strict" : false
				},
				{
					"name" : "led2[2]",
					"strict" : false
				},
				{
					"name" : "led2[3]",
					"strict" : false
				},
				{
					"name" : "led2[4]",
					"strict" : false
				},
				{
					"name" : "led2[5]",
					"strict" : false
				},
				{
					"name" : "led2[6]",
					"strict" : false
				},
				{
					"name" : "led2_dp",
					"strict" : false
				},
				{
					"name" : "led3[0]",
					"strict" : false
				},
				{
					"name" : "led3[1]",
					"strict" : false
				},
				{
					"name" : "led3[2]",
					"strict" : false
				},
				{
					"name" : "led3[3]",
					"strict" : false
				},
				{
					"name" : "led3[4]",
					"strict" : false
				},
				{
					"name" : "led3[5]",
					"strict" : false
				},
				{
					"name" : "led3[6]",
					"strict" : false
				},
				{
					"name" : "led3_dp",
					"strict" : false
				},
				{
					"name" : "led4[0]",
					"strict" : false
				},
				{
					"name" : "led4[1]",
					"strict" : false
				},
				{
					"name" : "led4[2]",
					"strict" : false
				},
				{
					"name" : "led4[3]",
					"strict" : false
				},
				{
					"name" : "led4[4]",
					"strict" : false
				},
				{
					"name" : "led4[5]",
					"strict" : false
				},
				{
					"name" : "led4[6]",
					"strict" : false
				},
				{
					"name" : "led4_dp",
					"strict" : false
				},
				{
					"name" : "led5[0]",
					"strict" : false
				},
				{
					"name" : "led5[1]",
					"strict" : false
				},
				{
					"name" : "led5[2]",
					"strict" : false
				},
				{
					"name" : "led5[3]",
					"strict" : false
				},
				{
					"name" : "led5[4]",
					"strict" : false
				},
				{
					"name" : "led5[5]",
					"strict" : false
				},
				{
					"name" : "led5[6]",
					"strict" : false
				},
				{
					"name" : "led5_dp",
					"strict" : false
				},
				{
					"name" : "dbg[0]",
					"strict" : false
				},
				{
					"name" : "dbg[1]",
					"strict" : false
				},
				{
					"name" : "dbg[2]",
					"strict" : false
				},
				{
					"name" : "dbg[3]",
					"strict" : false
				},
				{
					"name" : "dbg[4]",
					"strict" : false
				},
				{
					"name" : "dbg[5]",
					"strict" : false
				},
				{
					"name" : "dbg[6]",
					"strict" : false
				},
				{
					"name" : "dbg[7]",
					"strict" : false
				},
				{
					"name" : "dbg[8]",
					"strict" : false
				},
				{
					"name" : "dbg[9]",
					"strict" : false
				},
				{
					"name" : "dbg[10]",
					"strict" : false
				},
				{
					"name" : "dbg[11]",
					"strict" : false
				},
				{
					"name" : "dbg[12]",
					"strict" : false
				},
				{
					"name" : "dbg[13]",
					"strict" : false
				},
				{
					"name" : "dbg[14]",
					"strict" : false
				},
				{
					"name" : "dbg[15]",
					"strict" : false
				},
				{
					"name" : "dbg[16]",
					"strict" : false
				},
				{
					"name" : "dbg[17]",
					"strict" : false
				},
				{
					"name" : "dbg[18]",
					"strict" : false
				},
				{
					"name" : "dbg[19]",
					"strict" : false
				},
				{
					"name" : "dbg[20]",
					"strict" : false
				},
				{
					"name" : "dbg[21]",
					"strict" : false
				},
				{
					"name" : "dbg[22]",
					"strict" : false
				},
				{
					"name" : "dbg[23]",
					"strict" : false
				},
				{
					"name" : "clk",
					"strict" : false
				},
				{
					"name" : "button[0]",
					"strict" : false
				},
				{
					"name" : "button[1]",
					"strict" : false
				},
				{
					"name" : "switch[5]",
					"strict" : false
				},
				{
					"name" : "switch[3]",
					"strict" : false
				},
				{
					"name" : "switch[1]",
					"strict" : false
				},
				{
					"name" : "switch[0]",
					"strict" : false
				},
				{
					"name" : "switch[4]",
					"strict" : false
				},
				{
					"name" : "switch[2]",
					"strict" : false
				}
			]
		}
	]
}